time, cycle, y, x, tag
186897582,280611,8,17,88440000
186898248,280612,8,16,88400000
186898914,280613,9,17,89440000
186899580,280614,8,20,88500000
186900246,280615,9,16,89400000
186900912,280616,8,18,88480000
186901578,280617,10,17,8a440000
186902244,280618,8,23,885c0000
186902910,280619,9,20,89500000
186903576,280620,8,21,88540000
186904242,280621,10,16,8a400000
186904908,280622,8,26,88680000
186905574,280623,9,18,89480000
186906240,280624,8,19,884c0000
186906906,280625,11,17,8b440000
186907572,280626,8,29,88740000
186908238,280627,9,23,895c0000
186908904,280628,8,24,88600000
186909570,280629,10,23,8a5c0000
186910236,280630,8,22,88580000
186910902,280631,9,21,89540000
186911568,280632,8,27,886c0000
186912234,280633,11,16,8b400000
186912900,280634,8,25,88640000
186913566,280635,9,26,89680000
186914232,280636,8,30,88780000
186914898,280637,10,18,8a480000
186915564,280638,8,28,88700000
186916230,280639,9,19,894c0000
186916896,280640,8,31,887c0000
186917562,280641,12,17,8c440000
186918228,280642,9,29,89740000
186918894,280643,10,20,8a500000
186919560,280644,9,24,89600000
186920226,280645,11,20,8b500000
186920892,280646,9,22,89580000
186921558,280647,10,21,8a540000
186922224,280648,9,27,896c0000
186922890,280649,12,16,8c400000
186923556,280650,9,25,89640000
186924222,280651,10,26,8a680000
186924888,280652,9,30,89780000
186925554,280653,11,18,8b480000
186926220,280654,9,28,89700000
186926886,280655,10,25,8a640000
186927552,280656,9,31,897c0000
186928218,280657,13,18,8d480000
186928884,280658,10,29,8a740000
186929550,280659,11,23,8b5c0000
186930216,280660,10,24,8a600000
186930882,280661,12,23,8c5c0000
186932214,280663,11,21,8b540000
186932880,280664,10,19,8a4c0000
186933546,280665,13,16,8d400000
186935544,280668,10,27,8a6c0000
186936210,280669,12,18,8c480000
186937542,280671,11,26,8b680000
186938208,280672,10,22,8a580000
186938874,280673,14,16,8e400000
186940206,280675,11,19,8b4c0000
186940872,280676,10,30,8a780000
186941538,280677,12,20,8c500000
186943536,280680,10,28,8a700000
186944202,280681,13,17,8d440000
186945534,280683,11,29,8b740000
186946200,280684,10,31,8a7c0000
186946866,280685,12,21,8c540000
186948198,280687,11,24,8b600000
186949530,280689,14,17,8e440000
186950862,280691,12,26,8c680000
186952194,280693,13,23,8d5c0000
186952860,280694,11,22,8b580000
186953526,280695,12,19,8c4c0000
186954858,280697,15,16,8f400000
186956190,280699,12,29,8c740000
186956856,280700,11,27,8b6c0000
186957522,280701,13,24,8d600000
186958854,280703,12,24,8c600000
186960186,280705,14,23,8e5c0000
186960852,280706,11,25,8b640000
186961518,280707,12,22,8c580000
186962850,280709,13,20,8d500000
186965514,280713,12,27,8c6c0000
186966846,280715,11,30,8b780000
186968178,280717,15,17,8f440000
186970842,280721,12,25,8c640000
186973506,280725,13,19,8d4c0000
186974172,280726,11,28,8b700000
186974838,280727,12,30,8c780000
186976170,280729,14,18,8e480000
186977502,280731,12,28,8c700000
186978168,280732,11,31,8b7c0000
186978834,280733,13,26,8d680000
186981498,280737,12,31,8c7c0000
186984162,280741,15,23,8f5c0000
186985494,280743,13,21,8d540000
186986826,280745,14,20,8e500000
186988158,280747,13,29,8d740000
186989490,280749,15,18,8f480000
186990822,280751,13,25,8d640000
186992154,280753,14,21,8e540000
186993486,280755,13,27,8d6c0000
186994818,280757,15,20,8f500000
186996150,280759,13,22,8d580000
186997482,280761,14,26,8e680000
186999480,280764,13,30,8d780000
187003476,280770,15,21,8f540000
187008138,280777,13,28,8d700000
187012800,280784,14,25,8e640000
187014798,280787,13,31,8d7c0000
187016130,280789,15,26,8f680000
187017462,280791,14,29,8e740000
187018794,280793,15,19,8f4c0000
187020126,280795,14,24,8e600000
187021458,280797,15,29,8f740000
187022790,280799,14,19,8e4c0000
187024122,280801,15,24,8f600000
187025454,280803,14,27,8e6c0000
187028118,280807,15,25,8f640000
187033446,280815,14,22,8e580000
187037442,280821,15,27,8f6c0000
187042770,280829,14,30,8e780000
187045434,280833,15,22,8f580000
187048098,280837,14,28,8e700000
187050096,280840,15,30,8f780000
187051428,280842,14,31,8e7c0000
187052760,280844,15,28,8f700000
187056090,280849,15,31,8f7c0000
445051170,668229,15,23,cf5c0000
445061160,668244,15,30,cf780000
445073148,668262,8,26,c8680000
445081806,668275,8,21,c8540000
445107114,668313,9,30,c9780000
445116438,668327,13,26,cd680000
445121100,668334,15,25,cf640000
445127094,668343,9,23,c95c0000
445127760,668344,14,29,ce740000
445128426,668345,8,16,c8400000
445129092,668346,12,27,cc6c0000
445133754,668353,8,22,c8580000
445137084,668358,8,31,c87c0000
445143078,668367,10,23,ca5c0000
445145076,668370,15,19,cf4c0000
445145742,668371,8,27,c86c0000
445146408,668372,9,24,c9600000
445147074,668373,10,19,ca4c0000
445147740,668374,14,22,ce580000
445148406,668375,12,30,cc780000
445155732,668386,13,21,cd540000
445158396,668390,9,17,c9440000
445159062,668391,10,26,ca680000
445162392,668396,15,18,cf480000
445166388,668402,12,21,cc540000
445168386,668405,9,25,c9640000
445171716,668410,11,27,cb6c0000
445174380,668414,9,29,c9740000
445177710,668419,14,16,ce400000
445179708,668422,8,20,c8500000
445180374,668423,11,30,cb780000
445183038,668427,10,27,ca6c0000
445183704,668428,12,17,cc440000
445184370,668429,13,16,cd400000
445185036,668430,8,17,c8440000
445185702,668431,10,31,ca7c0000
445186368,668432,9,16,c9400000
445187700,668434,12,20,cc500000
445195026,668445,12,19,cc4c0000
445196358,668447,10,24,ca600000
445197024,668448,11,22,cb580000
445197690,668449,14,21,ce540000
445198356,668450,11,25,cb640000
445199022,668451,13,27,cd6c0000
445199688,668452,8,25,c8640000
445200354,668453,13,22,cd580000
445201020,668454,14,20,ce500000
445201686,668455,11,23,cb5c0000
445202352,668456,13,20,cd500000
445203018,668457,15,17,cf440000
445207014,668463,13,18,cd480000
445207680,668464,10,25,ca640000
445208346,668465,12,24,cc600000
445213674,668473,11,20,cb500000
445214340,668474,12,22,cc580000
445215006,668475,11,31,cb7c0000
445217004,668478,11,21,cb540000
445220334,668483,8,28,c8700000
445221000,668484,14,17,ce440000
445222332,668486,13,17,cd440000
445223664,668488,15,31,cf7c0000
445226328,668492,11,16,cb400000
445227660,668494,15,20,cf500000
445228992,668496,15,24,cf600000
445229658,668497,13,23,cd5c0000
445231656,668500,15,28,cf700000
445232322,668501,8,23,c85c0000
445233654,668503,15,29,cf740000
445234986,668505,11,19,cb4c0000
445236318,668507,10,17,ca440000
445236984,668508,10,18,ca480000
445240980,668514,12,23,cc5c0000
445241646,668515,10,20,ca500000
445242312,668516,12,18,cc480000
445242978,668517,12,16,cc400000
445243644,668518,11,28,cb700000
445252968,668532,9,20,c9500000
445256298,668537,13,29,cd740000
445257630,668539,10,29,ca740000
445258962,668541,9,28,c9700000
445260960,668544,10,16,ca400000
445262292,668546,11,18,cb480000
445265622,668551,14,26,ce680000
445266954,668553,9,27,c96c0000
445267620,668554,12,28,cc700000
445272282,668561,14,23,ce5c0000
445276278,668567,11,17,cb440000
445276944,668568,12,26,cc680000
445277610,668569,15,27,cf6c0000
445278276,668570,14,30,ce780000
445278942,668571,14,25,ce640000
445279608,668572,9,22,c9580000
445281606,668575,8,18,c8480000
445284936,668580,13,24,cd600000
445286268,668582,13,28,cd700000
445286934,668583,10,28,ca700000
445288266,668585,10,21,ca540000
445290930,668589,9,31,c97c0000
445295592,668596,10,22,ca580000
445296258,668597,12,25,cc640000
445297590,668599,13,25,cd640000
445298256,668600,12,31,cc7c0000
445302918,668607,9,19,c94c0000
445305582,668611,15,22,cf580000
445306248,668612,12,29,cc740000
445306914,668613,9,26,c9680000
445309578,668617,11,26,cb680000
445312242,668621,14,28,ce700000
445314240,668624,11,29,cb740000
445314906,668625,9,18,c9480000
445315572,668626,13,30,cd780000
445316238,668627,14,18,ce480000
445316904,668628,15,16,cf400000
445323564,668638,8,24,c8600000
445324230,668639,14,27,ce6c0000
445324896,668640,8,29,c8740000
445328226,668645,9,21,c9540000
445328892,668646,13,31,cd7c0000
445329558,668647,13,19,cd4c0000
445334886,668655,10,30,ca780000
445337550,668659,11,24,cb600000
445344210,668669,14,19,ce4c0000
445346874,668673,8,19,c84c0000
445348206,668675,8,30,c8780000
445358862,668691,15,21,cf540000
445361526,668695,14,24,ce600000
445372182,668711,14,31,ce7c0000
445422798,668787,15,26,cf680000
